{"noiseKey":{"private":{"type":"Buffer","data":"GJX412NJ1X/agP71wc+HdsnntK+p2mEb7NnNFa2MPGs="},"public":{"type":"Buffer","data":"HGs8KTqQgir2Gzmo8ifPAuqm2TEAxIixOVovR6IRNlI="}},"pairingEphemeralKeyPair":{"private":{"type":"Buffer","data":"CN90x5rOStDHjhZWW/1MGLiyQPDhijcqDOkBGljKnko="},"public":{"type":"Buffer","data":"txqQ9HsQUJ3eSawYjX6q4F+Fyd9Qlq0kOeNosRgRH3M="}},"signedIdentityKey":{"private":{"type":"Buffer","data":"MMUqoLW8ekm8/YkwEcdWB4TzueHEEclE2qaRHO+w42U="},"public":{"type":"Buffer","data":"tyArR77cnW96XWT/NVKTBJTxmS82iKVll0NHHxJnWT8="}},"signedPreKey":{"keyPair":{"private":{"type":"Buffer","data":"iEjdvQ3qDn7f9E6Fgbz+OVyQ2wyHrXgvNnUcBQJSx1Y="},"public":{"type":"Buffer","data":"tADmdC27eBb83wF2+8blJvyU78RoQGieUjbe9lynqjs="}},"signature":{"type":"Buffer","data":"WD6GJ9JeAa52HymaFNT+ryxbU/kvkZYuk/HDfx4LZKBtCidThssz37C6PFp9LWPf1At55T3RtnsHVNyi2XAziA=="},"keyId":1},"registrationId":9,"advSecretKey":"BEu0LfDiBNH/SFvPwvDHnC/YpDecCP/wc5TYpFUiWs0=","processedHistoryMessages":[{"key":{"remoteJid":"27693402562@s.whatsapp.net","fromMe":true,"id":"30250852C086E2700346CD2D73D2B92F"},"messageTimestamp":1740852066},{"key":{"remoteJid":"27693402562@s.whatsapp.net","fromMe":true,"id":"D7735F60828973E96907A5CF6D4F00A4"},"messageTimestamp":1740852066}],"nextPreKeyId":50,"firstUnuploadedPreKeyId":50,"accountSyncCounter":1,"accountSettings":{"unarchiveChats":false},"registered":true,"pairingCode":"DNPMWGGL","me":{"id":"27693402562:4@s.whatsapp.net","lid":"227358976041112:4@lid","name":"Omer","jid":"27693402562@s.whatsapp.net"},"account":{"details":"CNe67b4EENqWjb4GGAEgACgA","accountSignatureKey":"M0Km1E2GcGqUocrpl4/CMJZInWUBchnZPc6CAmk/XCw=","accountSignature":"k99Tg1tOsT0FmEAyBUvJwMdjExdxuPjG564CUUuQ+j0ozhAvhwqEcytxjUx68WTJL6epb5pu22gZ+NkMndzSAQ==","deviceSignature":"fzEaGuAzhADH3H3FTWu8YbMayDjwFjGDpLl3M8ZTXIgV9E6wqRAWvhG9V7cCGe5VFIZOvQ9elyagGLNpA306hA=="},"signalIdentities":[{"identifier":{"name":"27693402562:4@s.whatsapp.net","deviceId":0},"identifierKey":{"type":"Buffer","data":"BTNCptRNhnBqlKHK6ZePwjCWSJ1lAXIZ2T3OggJpP1ws"}}],"platform":"android","routingInfo":{"type":"Buffer","data":"CAUIDQ=="},"lastAccountSyncTimestamp":1740852062,"myAppStateKeyId":"AAAAAI2z"}