{
  "isBanned": false,
  "welcome": true,
  "detect": true,
  "sWelcome": "",
  "sBye": "",
  "sPromote": "",
  "sDemote": "",
  "sCondition": "",
  "sAutorespond": "",
  "delete": false,
  "modohorny": true,
  "stickers": false,
  "autosticker": false,
  "audios": false,
  "antiver": true,
  "antiPorn": true,
  "antiLink": false,
  "antiLink2": false,
  "antiTiktok": false,
  "antiYoutube": false,
  "antiTelegram": false,
  "antiFacebook": false,
  "antiInstagram": false,
  "antiTwitter": false,
  "antiDiscord": false,
  "antiThreads": false,
  "antiTwitch": false,
  "antifake": false,
  "reaction": true,
  "viewonce": false,
  "modoadmin": false,
  "autorespond": true,
  "antitoxic": true,
  "game": true,
  "game2": true,
  "simi": false,
  "antiTraba": true,
  "autolevelup": true,
  "expired": 0,
  "horarioNsfw": {
    "inicio": "00:00",
    "fin": "23:59"
  }
}