{
"info": {
"accounts": {
"youTube": "https://youtube.com/@v1_1q",
"instagram": "https://youtube.com/@v1_1q",
"gatabot_md": "https://youtube.com/@v1_1q",
"gatabotlite_md": "https://youtube.com/@v1_1q",
"facebook": "https://youtube.com/@v1_1q",
"tiktok": "https://youtube.com/@v1_1q",
"threads": "https://youtube.com/@v1_1q",
"paypal": "https://youtube.com/@v1_1q",
"github": "https://youtube.com/@v1_1q",
"mail": "yto941395@gmail.com",
"all": "https://www.atom.bio/z4ck"
},
"channels": {
"channel1": "https://whatsapp.com/channel/0029Vb3Hr3tHrDZWUHACwG0W",
"channel2": "https://whatsapp.com/channel/0029Vb3Hr3tHrDZWUHACwG0W",
"channel3": "https://whatsapp.com/channel/0029Vb3Hr3tHrDZWUHACwG0W",
"channel4": "https://whatsapp.com/channel/0029Vb3Hr3tHrDZWUHACwG0W"
},
"groups": {
"group1": "https://chat.whatsapp.com/CDPmIL2t09aAyscIxX87et",
"group2": "https://chat.whatsapp.com/CDPmIL2t09aAyscIxX87et",
"group3": "https://chat.whatsapp.com/CDPmIL2t09aAyscIxX87et",
"group4": "https://chat.whatsapp.com/CDPmIL2t09aAyscIxX87et",
"group5": "https://chat.whatsapp.com/CDPmIL2t09aAyscIxX87et",
"group6": "https://chat.whatsapp.com/CDPmIL2t09aAyscIxX87et"
},
"collaboration": {
"group1": "https://chat.whatsapp.com/CDPmIL2t09aAyscIxX87et",
"group2": "https://chat.whatsapp.com/CDPmIL2t09aAyscIxX87et",
"group3": "https://chat.whatsapp.com/CDPmIL2t09aAyscIxX87et",
"group4": "https://chat.whatsapp.com/CDPmIL2t09aAyscIxX87et"
},
"sponsors": {
"boxmine": "https://boxmineworld.com",
"cafirexos": "https://www.cafirexos.com",
"vortexus": "https://vortexuscloud.com",
"asif": "https://t.me/Asifhosting"
},
"others": {
"assistance_num": "https://wa.me/201159106301",
"yt_vid": "https://youtu.be/CEoiI1caFvA?si=PMVJ-tv75EVnPtLF",
"group_support": "https://chat.whatsapp.com/CDPmIL2t09aAyscIxX87et"
}
}
}
