{"_sessions":{"BSrRsw6aCWFi3p44EOKChp5CT7qLL/RCTKM33CxLLPwI":{"registrationId":1591367216,"currentRatchet":{"ephemeralKeyPair":{"pubKey":"Bc27IUQDjKzJjLlTG4kL16Bmm4h1v1kAdKA1DQjKyUlJ","privKey":"CHMNsL9H6ODzcMFE3RAHtZYihFd2Owxh7jQU53HJqUA="},"lastRemoteEphemeralKey":"BRiX+M7x3gHvC1b8elh8Jj/LrlGkyuMmfOFoc8o9DvFn","previousCounter":0,"rootKey":"1PitGLxiKfr5jqEAVSldKYcTU407gxXYjaNhLha+tho="},"indexInfo":{"baseKey":"BSrRsw6aCWFi3p44EOKChp5CT7qLL/RCTKM33CxLLPwI","baseKeyType":1,"closed":1740949577021,"used":1740949575535,"created":1740949575535,"remoteIdentityKey":"BTNCptRNhnBqlKHK6ZePwjCWSJ1lAXIZ2T3OggJpP1ws"},"_chains":{"Bc27IUQDjKzJjLlTG4kL16Bmm4h1v1kAdKA1DQjKyUlJ":{"chainKey":{"counter":1,"key":"bpztBFenuPl4Zk+o8cwQZIzKVoXZkQ8cZKoe2Bj43Ko="},"chainType":1,"messageKeys":{}}},"pendingPreKey":{"signedKeyId":0,"baseKey":"BSrRsw6aCWFi3p44EOKChp5CT7qLL/RCTKM33CxLLPwI","preKeyId":14880824}},"BQSP8N/PaZuM9QrsNOWQVTZ74o3abGdO8Hl1ipHG545t":{"registrationId":1591367216,"currentRatchet":{"ephemeralKeyPair":{"pubKey":"BZQAaptNaIKZnb7nj/Tuyb2c2RbvIb5iFZNR166jQFwn","privKey":"oGd6OhPFfGDr6JGlmQP/KEcOrc9Fs0k01GNMM1fVE1E="},"lastRemoteEphemeralKey":"BUDl6f6x1PTZaoGIMS7Pld4Q05NkmjlC935w8NSkvv0b","previousCounter":0,"rootKey":"6qM5FoMcIBmIzdqPrD8HbOo+7Wg6cFt+lo3MgF36XSE="},"indexInfo":{"baseKey":"BQSP8N/PaZuM9QrsNOWQVTZ74o3abGdO8Hl1ipHG545t","baseKeyType":2,"closed":-1,"used":1740955079289,"created":1740949577034,"remoteIdentityKey":"BTNCptRNhnBqlKHK6ZePwjCWSJ1lAXIZ2T3OggJpP1ws"},"_chains":{"BUHEh6j/GnQjP9xwx2InJD6QrAShljtNYLnn5uDQmuNW":{"chainKey":{"counter":0},"chainType":2,"messageKeys":{}},"BTorRJtZVozIQ9Rdz7BVmyQEt2Zz2gL570WbX8rScKFG":{"chainKey":{"counter":0},"chainType":2,"messageKeys":{}},"BdQF2dcgO6mpMCQCYTyY+EEe9LmdG0vzq6ma3apKWaFt":{"chainKey":{"counter":4},"chainType":2,"messageKeys":{}},"BdLJ+Su3yI0zZmo1ccolaQ192byBWw91Ibs70aiaeSZI":{"chainKey":{"counter":0},"chainType":2,"messageKeys":{}},"BXm6wIaUn6QRErZBcwsk+r28bDzT/bQetiKkFntH5I8B":{"chainKey":{"counter":1},"chainType":2,"messageKeys":{}},"BZjoQApVDiI3gtV2jKyAriMpTBPolwy18yqwZfBsnGNT":{"chainKey":{"counter":0},"chainType":2,"messageKeys":{}},"BZU74V38bNH/OtVFDx4G6+2DM5yqBomMU5OY6OkErUdb":{"chainKey":{"counter":0},"chainType":2,"messageKeys":{}},"BejOWKSiTwFq0d9324CKDX3j9N0Joj8Z3m5F07JZ99g5":{"chainKey":{"counter":0},"chainType":2,"messageKeys":{}},"BTu5zf6/UITOe6kFI0RGrx+Cz9ldZaNOn4wJKPGDe20v":{"chainKey":{"counter":0},"chainType":2,"messageKeys":{}},"Bf8Q8bNs9ted1hcxxvbmav2LnHpoLcbUkiVrYWnLEwE7":{"chainKey":{"counter":1},"chainType":2,"messageKeys":{}},"Bb8L+CUjsIbX0Rp04cqvKCLu2qtlhG+YCurHbYbY42Vi":{"chainKey":{"counter":0},"chainType":2,"messageKeys":{}},"BczZLUSex3dHk8GqPuaJrMf7uadQVSbQi8BnJjC2aohy":{"chainKey":{"counter":0},"chainType":2,"messageKeys":{}},"Bav3KdgsrSJaxNDlBlKOMC0LD3HxoM9jVJPZfE9+j+Mw":{"chainKey":{"counter":0},"chainType":2,"messageKeys":{}},"BabuRwDuS7mNVBnB5p8bhXzWiD8UQTyEAsw2BgIR99E6":{"chainKey":{"counter":1},"chainType":2,"messageKeys":{}},"Bbf0WVhZUby4eFJbGIEodcc966dqA0pbsncuy8SBi71c":{"chainKey":{"counter":0},"chainType":2,"messageKeys":{}},"BW5/WXbmQ1+nm+dCHvRhjd1uoPGVln+hLU3Ps5bERjR3":{"chainKey":{"counter":0},"chainType":2,"messageKeys":{}},"BX2tc+JmdhZY2N1TBHdsRELvXhYBG+cCrEtx8Nyotjkb":{"chainKey":{"counter":0},"chainType":2,"messageKeys":{}},"BVTBdz/nsYMtYVM/BBTmXZW2zvY97ZnyCCnU8fLKmBlV":{"chainKey":{"counter":0},"chainType":2,"messageKeys":{}},"BWw2s9ntVFaIM59GvRn2P1MGyBymjzN9wFbR9AasT2cr":{"chainKey":{"counter":1},"chainType":2,"messageKeys":{}},"Bd0lSbQBFApit3jrb0ifkVxIjvSTqZjOUy9J0/7UjtlO":{"chainKey":{"counter":0},"chainType":2,"messageKeys":{}},"BfYejwg4PQdaynODWAiBuHfUFhpGceSW4/4nCA/vHVAT":{"chainKey":{"counter":0},"chainType":2,"messageKeys":{}},"BSxakhYNydry2SX+pCt+JushvtEmESYNmrJt6YTBMvIa":{"chainKey":{"counter":4},"chainType":2,"messageKeys":{}},"BWytOA4h+h474tY+cKRjoOzilPgSvxjvbYvrfBf82g8X":{"chainKey":{"counter":0},"chainType":2,"messageKeys":{}},"BUDl6f6x1PTZaoGIMS7Pld4Q05NkmjlC935w8NSkvv0b":{"chainKey":{"counter":0,"key":"OKAsjFg6Capb8tr4J4YVWXILWv3e463dmT+2of1Ad1Q="},"chainType":2,"messageKeys":{}},"BZQAaptNaIKZnb7nj/Tuyb2c2RbvIb5iFZNR166jQFwn":{"chainKey":{"counter":69,"key":"D2+IeVTXJyutgsyAmpohvCZPL96EXHOgvfYD9ZtZatY="},"chainType":1,"messageKeys":{}}}}},"version":"v1"}