{"_sessions":{"BX0KerUFC+RU+oouh68XANOYbnv7X1MReG0DLAQBC/U5":{"registrationId":1273348998,"currentRatchet":{"ephemeralKeyPair":{"pubKey":"BQ920aoJnw51NKTTGW4+TmpB8OUABBVZZpy+whGGvaI5","privKey":"GJDnEdxIGXp3uf0Zc8O3nHE7ArUp1x4nwtYXCpOqYlg="},"lastRemoteEphemeralKey":"BSDNXZXIVNsMorXLkOAtuLiCWSPe26JVG1XllYU6MA8T","previousCounter":0,"rootKey":"ZErGix0tqC2N1Jwh7wpe+3nqVnTKOjgfLA5JmDgdH2U="},"indexInfo":{"baseKey":"BX0KerUFC+RU+oouh68XANOYbnv7X1MReG0DLAQBC/U5","baseKeyType":2,"closed":-1,"used":1741007342730,"created":1741003303372,"remoteIdentityKey":"BZOmRUkUPkZ/uV2PE3AzY3XCY/bQ6RNoQUOqXgLlc8ZJ"},"_chains":{"BdrGdJaSV1Fkx/Wtok3DhgRN6jfUrJvEdhUz0xKnVeNJ":{"chainKey":{"counter":0},"chainType":2,"messageKeys":{}},"BQc38Qzhi0HCDdaE/QLloN5gGO9DEiC/kEGTL7JjJKNe":{"chainKey":{"counter":7},"chainType":2,"messageKeys":{}},"BY2NTiAxkuEh1687TvDnabyUtzG9IInWaXXjMcaY6N8A":{"chainKey":{"counter":2},"chainType":2,"messageKeys":{}},"BVhjRsZcbSrt9ucIzuG1JUITCO+d/56xVDlWbuT70XxV":{"chainKey":{"counter":3},"chainType":2,"messageKeys":{}},"Bd166lDmdf4/vppuRwfcm0kdZdqCGT7p2F+KRO5LdhI3":{"chainKey":{"counter":1},"chainType":2,"messageKeys":{}},"BcVsiR7QX0vN99Id162ELzgV7jn9srKy6fjkwIsz+jVq":{"chainKey":{"counter":1},"chainType":2,"messageKeys":{}},"BRQ/e+abqaUIl9NYnO6SGrpiHxPC2lzKUxrCalVjgi8v":{"chainKey":{"counter":1},"chainType":2,"messageKeys":{}},"BejPjDfIc45vdfqpdXHVS25qrgnKmWCL8MN0dVyXEfw7":{"chainKey":{"counter":1},"chainType":2,"messageKeys":{}},"BQiGhKJab7iIRHKnOh7zjHUYgcHOmJfLSfzIYJvkeLNB":{"chainKey":{"counter":1},"chainType":2,"messageKeys":{}},"BW51OoL1c/x33gw/uugUI0FhtxRjlkwv7w61CGhuu3tn":{"chainKey":{"counter":1},"chainType":2,"messageKeys":{}},"BdK49N5dSP3PbNJbnaI5gkmT3ZQM8nUfij0x6ScZZrJ9":{"chainKey":{"counter":2},"chainType":2,"messageKeys":{}},"BXxA6pai4Qy3STdtqtBueBRve0KxxaBfHCkDuaTGO3AJ":{"chainKey":{"counter":3},"chainType":2,"messageKeys":{}},"BTZPAJOWqE0RfB2BB8lPVN4cCRI9vpyw5AoDCdJsK+wQ":{"chainKey":{"counter":2},"chainType":2,"messageKeys":{}},"Be/A5gkgrGaFs1mUz1bXIf4N1zqOumtBe6zwTRx/wchy":{"chainKey":{"counter":1},"chainType":2,"messageKeys":{}},"BSDNXZXIVNsMorXLkOAtuLiCWSPe26JVG1XllYU6MA8T":{"chainKey":{"counter":2,"key":"EdQSxpZg5f4u1eRvESZ971+/bwztkebUsQ6ZAudgP4g="},"chainType":2,"messageKeys":{}},"BQ920aoJnw51NKTTGW4+TmpB8OUABBVZZpy+whGGvaI5":{"chainKey":{"counter":2,"key":"T6BFaJq9GEol+UbOr+TuX5PpDhLJdxua+mWHNqpAelQ="},"chainType":1,"messageKeys":{}}}}},"version":"v1"}