{"_sessions":{"Bb9FNCBEcGIald1yBRj2uLRuxuzJBd3o/TuMb71LfOZ8":{"registrationId":223755574,"currentRatchet":{"ephemeralKeyPair":{"pubKey":"BQ1df2gfESHP/rLsPAmt6Sx/mZTXMQhd/n+6M+PZpesm","privKey":"gLzc43xtpnU8ivUBaiF9Uo02q4WlBBTOAX8cR5IZsV4="},"lastRemoteEphemeralKey":"BSPXVarPgrvUlwWZYGFu+mc8XLkEUHXXoyi/5aKZg/U8","previousCounter":0,"rootKey":"dCQwhupLqEZNJuOlcQ8dygF1WqdiFixW2Mw3pT0Com8="},"indexInfo":{"baseKey":"Bb9FNCBEcGIald1yBRj2uLRuxuzJBd3o/TuMb71LfOZ8","baseKeyType":2,"closed":-1,"used":1740967353518,"created":1740953965469,"remoteIdentityKey":"BetjxBML9pg6zvStHobyFbYpIXeAlk80+14g8JFe9fg2"},"_chains":{"BQxhvrVq3EY85JQvLGkhdmZQWsWKA/jj5ox3H/WsdgtC":{"chainKey":{"counter":3},"chainType":2,"messageKeys":{}},"Bexgv1Y55U8mfB0IYWKNoYw4gJ3wn1RUO9uULPMj08wj":{"chainKey":{"counter":5},"chainType":2,"messageKeys":{}},"BaEaHFe9Xg6TY9RTC/QES37hRAK1Zhm37Kuihnhb2H1U":{"chainKey":{"counter":1},"chainType":2,"messageKeys":{}},"BcuTYIQXzei61728b8UrNH8TWN967OxR7+6C9wifpC8v":{"chainKey":{"counter":1},"chainType":2,"messageKeys":{}},"BfaJ/FdfwFyOppdfih7NelmsbFv6t4iA8phUKDAudUxG":{"chainKey":{"counter":2},"chainType":2,"messageKeys":{}},"BYR1B4X+AFtaYZM2CTan8M6f1LR090eugysmx5UlAr9n":{"chainKey":{"counter":5},"chainType":2,"messageKeys":{}},"BZ/nHjG47RIOpc81ijKiJV8GJm3dCnORUs64nfjtZwAW":{"chainKey":{"counter":0},"chainType":2,"messageKeys":{}},"Bc9GhEcgJeQWiYF7zrV0JA7xfASLfu60FAeH1Km3xwYj":{"chainKey":{"counter":0},"chainType":2,"messageKeys":{}},"Bb/XnNURcvbkaKpgrECb2i5fQ0EZpfo9BphlLs0Lsh9m":{"chainKey":{"counter":0},"chainType":2,"messageKeys":{}},"BYatJm+MiHU+v26VzCRjNE4iJ85XJLFK093Di/yZObwT":{"chainKey":{"counter":0},"chainType":2,"messageKeys":{}},"BU75w1OAG4Y0sqqJ8E/XkascShZ4gDIsTkoDZUReza94":{"chainKey":{"counter":3},"chainType":2,"messageKeys":{}},"BXmSd2IVyBxbwMFFYu83FKV0ZtxfkhvybRXM0fXxnVhB":{"chainKey":{"counter":0},"chainType":2,"messageKeys":{}},"BRJKNNnybQY9xh/JeSZ7QXrhZzGN5BpynNhdoMgd90Q8":{"chainKey":{"counter":1},"chainType":2,"messageKeys":{}},"BW4BnkI+7MqkwQnFmfz0jpAbN9WJyBlPoLr3Q4MIj/Ei":{"chainKey":{"counter":0},"chainType":2,"messageKeys":{}},"BZy9Vcr1NsUDpU92NQ7D4KoZ3Tg1gbimFZcXfmvCgfk0":{"chainKey":{"counter":0},"chainType":2,"messageKeys":{}},"BdsFOUXaWxhPUKQcnNbU8e5q8C4vF8FfnY+LaIu6b6cg":{"chainKey":{"counter":3},"chainType":2,"messageKeys":{}},"BfP0YBIgcQOjvdgUiec47jkIPapdQiybU5/VOUtDMT0m":{"chainKey":{"counter":1},"chainType":2,"messageKeys":{}},"BVubNYVQE/8aPX/bKKmYtr89UWx/9cboN7cGrrIcXAws":{"chainKey":{"counter":0},"chainType":2,"messageKeys":{}},"BTA17RVPNORDYKsIfqRUvKmnQ4ePpjkFv7qDJU4gyUFk":{"chainKey":{"counter":1},"chainType":2,"messageKeys":{}},"BR5Ii78hu1k7cIH/mw5QenmMs6UWTTAUw/6pEfb8MpAL":{"chainKey":{"counter":0},"chainType":2,"messageKeys":{}},"BfA49B96sLyUfHN2tbthtVLRMYiNUsY/vv5ZgJjDR4tl":{"chainKey":{"counter":4},"chainType":2,"messageKeys":{}},"Bd5op5OkJQN9So3gcKGrl1vZkeSgfmODDSgxCHQH5csw":{"chainKey":{"counter":0},"chainType":2,"messageKeys":{}},"BTwz+Pbjhb0obsJ7PeK2SoKTxOsW6heOscs7ukr+awQb":{"chainKey":{"counter":0},"chainType":2,"messageKeys":{}},"BZMstLm2ePNwL66xalC52NRcGIjZHiZacGv+Z4rWH0I3":{"chainKey":{"counter":0},"chainType":2,"messageKeys":{}},"BaL3vum770j6GukX8lHn5iVZifH71wlYBn/tjgnOPH4M":{"chainKey":{"counter":3},"chainType":2,"messageKeys":{}},"BZNbFwjtll9xqIyZKc5UdewFrdyepsdgzJroIs6wnTJr":{"chainKey":{"counter":5},"chainType":2,"messageKeys":{}},"BbuVTplEjhpKAVeQx9tI6XnGq1a6g6p6mZDYKuIUtD4M":{"chainKey":{"counter":0},"chainType":2,"messageKeys":{}},"BaPPefnpcG0Tn+tePlWyROBcKr9jedKOHUxYe7UiNBJh":{"chainKey":{"counter":25},"chainType":2,"messageKeys":{}},"BVflEJjAUJftVafvOPirqhO1Ewd+fT3ydQ6Qwsvt0Ld5":{"chainKey":{"counter":3},"chainType":2,"messageKeys":{}},"BYm/mI9PrSHLX0lAJG89ePWSYVtikGGs9jHtwUIn8YxV":{"chainKey":{"counter":0},"chainType":2,"messageKeys":{}},"BbvUumlwxj3cwoXa+ifuMglA+2pAwD1XChSqj/ImIUse":{"chainKey":{"counter":0},"chainType":2,"messageKeys":{}},"BTjchZI+eXZn2b90tTekan+6U+XiJrLHD/9+Qi/u3xxQ":{"chainKey":{"counter":2},"chainType":2,"messageKeys":{}},"BSPXVarPgrvUlwWZYGFu+mc8XLkEUHXXoyi/5aKZg/U8":{"chainKey":{"counter":0,"key":"mh0pqR8bC6x37vT69KJi1D4zo0G2dIu0YtIhXBaY1jU="},"chainType":2,"messageKeys":{}},"BQ1df2gfESHP/rLsPAmt6Sx/mZTXMQhd/n+6M+PZpesm":{"chainKey":{"counter":1,"key":"krP6qj86/ig9Ui/odDYyqP+dOmqWMSZZ0WSxewjGrP0="},"chainType":1,"messageKeys":{}}}}},"version":"v1"}