{"_sessions":{"BatImVIIA0RwdhW3P/DXyQJU+jROwl0sGcz4I0JlBGI+":{"registrationId":1350934396,"currentRatchet":{"ephemeralKeyPair":{"pubKey":"BeeP1pQhg6XSpzswB7Sw+G+A7qufVWgxMwQyrT7uLvBQ","privKey":"OJebyR5cuASZAyHAbOs0nUmi2Y9XwkI8ugUoh/BdLl0="},"lastRemoteEphemeralKey":"BWnJDXprOd/pre2ld+a5BsxlPaAHg95GWI6u5AMlEaNF","previousCounter":0,"rootKey":"3F6kbNrz+Z4YjFVtYKcgyTYsudhVaxDLwDYndU1382I="},"indexInfo":{"baseKey":"BatImVIIA0RwdhW3P/DXyQJU+jROwl0sGcz4I0JlBGI+","baseKeyType":1,"closed":-1,"used":1740953986388,"created":1740953986388,"remoteIdentityKey":"BfCgsUi/KcGaTqvcglPgCxFGE+3yOGU7IXeNsHor+pht"},"_chains":{"BeeP1pQhg6XSpzswB7Sw+G+A7qufVWgxMwQyrT7uLvBQ":{"chainKey":{"counter":58,"key":"Hk+Vi/j5jv4Mw2pJyQjUJDfvYFwuBKx9ZJj1oOpSFgU="},"chainType":1,"messageKeys":{}}},"pendingPreKey":{"signedKeyId":0,"baseKey":"BatImVIIA0RwdhW3P/DXyQJU+jROwl0sGcz4I0JlBGI+","preKeyId":5210167}}},"version":"v1"}